username,password,email,referby,action
Hiti,sitanshu,,,active
Vajangi,sitanshu,,,active
Urmallini,sitanshu,,,active
Dhayi,sitanshu,,,active
Kalti,sitanshu,,,active
Varulya,sitanshu,,,active
Jalakita,sitanshu,,,active
Adita,sitanshu,,,active
Nachitran,sitanshu,,,active
Isha,sitanshu,,,active
Sudayesh,sitanshu,,,active
Tulasvas,sitanshu,,,active
Suddhad,sitanshu,,,active
Purjul,sitanshu,,,active
Niva,sitanshu,,,active
Chish,sitanshu,,,active
Gajeep,sitanshu,,,active
Kavir,sitanshu,,,active
Mayasha,sitanshu,,,active
Rujusti,sitanshu,,,active
Bini,sitanshu,,,active
Nanganika,sitanshu,,,active
Revanchna,sitanshu,,,active
Coma,sitanshu,,,active
Ramayi,sitanshu,,,active
Bindi,sitanshu,,,active
Raknakita,sitanshu,,,active
Kumalakha,sitanshu,,,active
Sunj,sitanshu,,,active
Viprabhan,sitanshu,,,active
Sundayur,sitanshu,,,active
Lallabh,sitanshu,,,active
Brinardan,sitanshu,,,active
Deepanoop,sitanshu,,,active
Swatreesh,sitanshu,,,active
Asendraj,sitanshu,,,active
Jawamendi,sitanshu,,,active
Anakha,sitanshu,,,active
Amoditi,sitanshu,,,active
Krulya,sitanshu,,,active
Amud,sitanshu,,,active
Udanata,sitanshu,,,active
Varshna,sitanshu,,,active
Nidumud,sitanshu,,,active
Valavani,sitanshu,,,active
Nisa,sitanshu,,,active
Mihalv,sitanshu,,,active
Madhan,sitanshu,,,active
Prijit,sitanshu,,,active
Neepam,sitanshu,,,active
Dhadra,sitanshu,,,active
Omanirani,sitanshu,,,active
Dhish,sitanshu,,,active
Balin,sitanshu,,,active
Mitreya,sitanshu,,,active
Utkareya,sitanshu,,,active
Darna,sitanshu,,,active
Krinmaya,sitanshu,,,active
Urmalika,sitanshu,,,active
Kirupti,sitanshu,,,active
Aladhi,sitanshu,,,active
Jayukha,sitanshu,,,active
Kavvi,sitanshu,,,active
Bhanchani,sitanshu,,,active
Manda,sitanshu,,,active
Manigangi,sitanshu,,,active
Sidayag,sitanshu,,,active
Narmenda,sitanshu,,,active
Kari,sitanshu,,,active
Sidyamit,sitanshu,,,active
Brish,sitanshu,,,active
Abhitan,sitanshu,,,active
Jeelkalip,sitanshu,,,active
Matrudev,sitanshu,,,active
Natrath,sitanshu,,,active
Prand,sitanshu,,,active
Devanjal,sitanshu,,,active
Kundi,sitanshu,,,active
Aruni,sitanshu,,,active
Lochara,sitanshu,,,active
Duradha,sitanshu,,,active
Uttaki,sitanshu,,,active
Roshmi,sitanshu,,,active
Yasi,sitanshu,,,active
Amukmiti,sitanshu,,,active
Achi,sitanshu,,,active
Maheepal,sitanshu,,,active
Indrati,sitanshu,,,active
Ratosh,sitanshu,,,active
Tulaadeya,sitanshu,,,active
Anishuman,sitanshu,,,active
Pardas,sitanshu,,,active
Amityasad,sitanshu,,,active
Neek,sitanshu,,,active
Samod,sitanshu,,,active
Yudeel,sitanshu,,,active
Trinmana,sitanshu,,,active
Chitraki,sitanshu,,,active
Dhavanvi,sitanshu,,,active
Trindula,sitanshu,,,active
Ruda,sitanshu,,,active
Radhumita,sitanshu,,,active
Jyotsala,sitanshu,,,active
Jalti,sitanshu,,,active
Dhanya,sitanshu,,,active
Anaksha,sitanshu,,,active
Kanav,sitanshu,,,active
Ishikaran,sitanshu,,,active
Divank,sitanshu,,,active
Suru,sitanshu,,,active
Pandhiv,sitanshu,,,active
Nitya,sitanshu,,,active
Omprati,sitanshu,,,active
Pushitan,sitanshu,,,active
Indeesh,sitanshu,,,active
Aritya,sitanshu,,,active